<?xml version="1.0"?>
<labelling>
<format>
<feature name="prev_prev_name"/>
^
<feature name="prev_name"/>
-
<feature name="name"/>
+
<feature name="next_name"/>
=
<feature name="next_next_name"/>
@
<feature name="pos_in_syl_fw"/>
_
<feature name="pos_in_syl_bw"/>
/A:
<feature name="prev_syl_stress"/>
_
<feature name="prev_syl_accented"/>
_
<feature name="prev_syl_length"/>
/B:
<feature name="syl_stress"/>
-
<feature name="syl_accented"/>
-
<feature name="syl_length"/>
@
<feature name="syl_pos_in_word_fw"/>
-
<feature name="syl_pos_in_word_bw"/>
&amp;
<feature name="syl_pos_in_phrase_fw"/>
-
<feature name="syl_pos_in_phrase_bw"/>
#
<feature name="num_stressed_syls_in_phrase_before_this_syl"/>
-
<feature name="num_stressed_syls_in_phrase_after_this_syl"/>
$
<feature name="num_accented_syls_in_phrase_before_this_syl"/>
-
<feature name="num_accented_syls_in_phrase_after_this_syl"/>
!
<feature name="dist_to_prev_stressed_syl_in_phrase"/>
-
<feature name="dist_to_next_stressed_syl_in_phrase"/>
;
<feature name="dist_to_prev_accented_syl_in_phrase"/>
-
<feature name="dist_to_next_accented_syl_in_phrase"/>
|
<feature name="syl_vowel"/>
/C:
<feature name="next_syl_stress"/>
+
<feature name="next_syl_accented"/>
+
<feature name="next_syl_length"/>
/D:
<feature name="none"/>
_
<feature name="num_syls_in_prev_word"/>
/E:
<feature name="none"/>
+
<feature name="num_syls_in_word"/>
@
<feature name="word_pos_in_phrase_fw"/>
+
<feature name="word_pos_in_phrase_bw"/>
&amp;
<feature name="none"/>
+
<feature name="none"/>
#
<feature name="none"/>
+
<feature name="none"/>
/F:
<feature name="none"/>
_
<feature name="num_syls_in_next_word"/>
/G:
<feature name="num_syls_in_prev_phrase"/>
_
<feature name="num_words_in_prev_phrase"/>
/H:
<feature name="num_syls_in_phrase"/>
=
<feature name="num_words_in_phrase"/>
^
<feature name="phrase_pos_in_utt_fw"/>
=
<feature name="phrase_pos_in_utt_bw"/>
|
<feature name="none"/>
/I:
<feature name="num_syls_in_next_phrase"/>
=
<feature name="num_words_in_next_phrase"/>
/J:
<feature name="num_syls_in_utt"/>
+
<feature name="num_words_in_utt"/>
-
<feature name="num_phrases_in_utt"/>
/K:
<feature name="pos_in_word_fw"/>
_
<feature name="pos_in_word_bw"/>
/L:
<feature name="prev_ph_flag_l"/>
!
<feature name="ph_flag_l"/>
!
<feature name="next_ph_flag_l"/>
#
<feature name="prev_ph_flag_r"/>
!
<feature name="ph_flag_r"/>
$
<feature name="next_ph_flag_r"/>
!
<feature name="prev_ph_flag_d"/>
&amp;
<feature name="ph_flag_d"/>
!
<feature name="next_ph_flag_d"/>
/M:
<feature name="syl_vowel_ph_flag_l"/>
!
<feature name="next_in_word_syl_vowel_ph_flag_l"/>
+
<feature name="prev_in_word_syl_vowel_ph_flag_l"/>
!
<feature name="next_next_in_word_syl_vowel_ph_flag_l"/>
;
<feature name="prev_prev_in_word_syl_vowel_ph_flag_l"/>
!
<feature name="next_syl_vowel_ph_flag_l"/>
=
<feature name="prev_syl_vowel_ph_flag_l"/>
!
<feature name="next_next_syl_vowel_ph_flag_l"/>
@
<feature name="prev_prev_syl_vowel_ph_flag_l"/>
/N:
<feature name="dist_to_prev_stressed_syl_in_word"/>
-
<feature name="dist_to_next_stressed_syl_in_word"/>
/O:
<feature name="dist_to_prev_round_vowel_in_word"/>
</format>
</labelling>
