<?xml version="1.0"?>
<phonemes>
<phoneme name="ax" bkn="c" h="om" hg="m" vrnd="-" son="+" vc="+" vlng="s" />
<phoneme name="o" bkn="b" h="cm" hg="m" vrnd="+" son="+" vc="+" vlng="s" />
<phoneme name="oo" bkn="b" h="cm" hg="m" vrnd="+" son="+" vc="+" vlng="l" />
<phoneme name="u" bkn="b" h="nc" hg="c" vrnd="+" son="+" vc="+" vlng="s" />
<phoneme name="uu" bkn="b" h="nc" hg="c" vrnd="+" son="+" vc="+" vlng="l" />
<phoneme name="ux" bkn="f" h="nc" hg="c" vrnd="+" son="+" vc="+" vlng="s" />
<phoneme name="uux" bkn="f" h="nc" hg="c" vrnd="+" son="+" vc="+" vlng="l" />
<phoneme name="ox" bkn="f" h="om" hg="m" vrnd="+" son="+" vc="+" vlng="s" />
<phoneme name="oox" bkn="f" h="om" hg="m" vrnd="+" son="+" vc="+" vlng="l" />
<phoneme name="y" bkn="b" h="c" hg="c" vrnd="-" son="+" vc="+" vlng="s" />
<phoneme name="yy" bkn="b" h="c" hg="c" vrnd="-" son="+" vc="+" vlng="l" />
<phoneme name="i" bkn="f" h="nc" hg="c" vrnd="-" son="+" vc="+" vlng="s" />
<phoneme name="ii" bkn="f" h="nc" hg="c" vrnd="-" son="+" vc="+" vlng="l" />
<phoneme name="ae" bkn="f" h="no" hg="o" vrnd="-" son="+" vc="+" vlng="s" />
<phoneme name="aae" bkn="f" h="no" hg="o" vrnd="-" son="+" vc="+" vlng="l" />
<phoneme name="a" bkn="b" h="o" hg="o" vrnd="-" son="+" vc="+" vlng="s" />
<phoneme name="aa" bkn="b" h="o" hg="o" vrnd="-" son="+" vc="+" vlng="l" />
<phoneme name="e" bkn="f" h="om" hg="m" vrnd="-" son="+" vc="+" vlng="s" />
<phoneme name="ee" bkn="f" h="om" hg="m" vrnd="-" son="+" vc="+" vlng="l" />
<phoneme name="t" coro="+" ctype="s" cvox="-" man="plo" plc_p="alv" sib="-" vc="c" />
<phoneme name="ts" coro="+" ctype="a" cvox="-" man="aff" plc_p="alv" sib="+" vc="c" />
<phoneme name="s" coro="+" ctype="f" cvox="-" man="fri" plc_p="alv" sib="+" vc="c" />
<phoneme name="l" coro="+" ctype="l" cvox="+" lat="+" man="app" plc_p="alv" sib="-" son="+" vc="c" />
<phoneme name="n" coro="+" ctype="n" cvox="+" man="nas" plc_p="alv" sib="-" son="+" vc="c" />
<phoneme name="d" coro="+" ctype="s" cvox="+" man="plo" plc_p="alv" sib="-" vc="c" />
<phoneme name="z" coro="+" ctype="f" cvox="+" man="fri" plc_p="alv" sib="+" vc="c" />
<phoneme name="r" coro="+" ctype="l" cvox="+" man="tap" plc_p="alv" sib="-" vc="c" son="+" />
<phoneme name="p" ctype="s" cvox="-" labi="+" man="plo" plc_p="bil" sib="-" vc="c" />
<phoneme name="m" ctype="n" cvox="+" labi="+" man="nas" plc_p="bil" sib="-" son="+" vc="c" />
<phoneme name="b" ctype="s" cvox="+" labi="+" man="plo" plc_p="bil" sib="-" vc="c" />
<phoneme name="th" coro="+" ctype="f" cvox="-" man="fri" plc_p="den" sib="-" vc="c" />
<phoneme name="dh" coro="+" ctype="f" cvox="+" man="fri" plc_p="den" sib="-" vc="c" />
<phoneme name="h" ctype="f" cvox="-" lary="+" man="fri" plc_p="glo" sib="-" vc="c" />
<phoneme name="f" ctype="f" cvox="-" labi="+" man="fri" plc_p="lad" sib="-" vc="c" />
<phoneme name="j" coro="+" ctype="l" cvox="+" dors="+" man="app" plc_p="pal" sib="-" son="+" svbkn="f" svh="c" svhg="c" svrnd="-" vc="c" />
<phoneme name="tsh" coro="+" ctype="a" cvox="-" man="aff" plc_p="pal" sib="+" vc="c" />
<phoneme name="sh" coro="+" ctype="f" cvox="-" man="fri" plc_p="pal" sib="+" vc="c" />
<phoneme name="dzh" coro="+" ctype="a" cvox="+" man="aff" plc_p="pal" sib="+" vc="c" />
<phoneme name="zh" coro="+" ctype="f" cvox="+" man="fri" plc_p="pal" sib="+" vc="c" />
<phoneme name="hh" ctype="f" cvox="-" dors="+" man="fri" plc_p="vel" sib="-" vc="c" />
<phoneme name="k" ctype="s" cvox="-" dors="+" man="plo" plc_p="vel" sib="-" vc="c" />
<phoneme name="ng" ctype="n" cvox="+" dors="+" man="nas" plc_p="vel" sib="-" son="+" vc="c" />
<phoneme name="g" ctype="s" cvox="+" dors="+" man="plo" plc_p="uvu" sib="-" vc="c" />
<phoneme name="gv" ctype="s" cvox="+" dors="+" man="plo" plc_p="vel" sib="-" vc="c" />
<phoneme name="v" ctype="l" cvox="+" dors="+" man="app" labi="+" plc_p="lav" sib="-" son="+" svbkn="b" svh="c" svhg="c" svrnd="+" vc="c" />
<phoneme name="vv" ctype="f" cvox="+" labi="+" man="fri" plc_p="lad" sib="-" vc="c" />
<phoneme name="bw" ctype="l" cvox="+" dors="+" man="app" labi="+" plc_p="lav" sib="-" son="+" svbkn="b" svh="c" svhg="c" svrnd="+" vc="c" />
<phoneme name="pau"/>
</phonemes>
